trial_id,ds002721_stimulus_id,source_title,source_album_or_release,source_url,license_or_terms,clip_start_sec,clip_end_sec,checksum_sha256,extraction_status,n_participants,notes,trim_status
1,302,,,https://osf.io/nmr6w/,Eerola & Vuoskoski (2011) Soundtracks corpus -- research use,0.0,12.0,,recovered,1,002.mp3,trimmed_first_12s
2,303,,,https://osf.io/nmr6w/,Eerola & Vuoskoski (2011) Soundtracks corpus -- research use,0.0,12.0,,recovered,22,003.mp3,trimmed_first_12s
3,304,,,https://osf.io/nmr6w/,Eerola & Vuoskoski (2011) Soundtracks corpus -- research use,0.0,12.0,,recovered,3,004.mp3,trimmed_first_12s
4,305,,,https://osf.io/nmr6w/,Eerola & Vuoskoski (2011) Soundtracks corpus -- research use,0.0,12.0,,recovered,4,005.mp3,trimmed_first_12s
5,306,,,https://osf.io/nmr6w/,Eerola & Vuoskoski (2011) Soundtracks corpus -- research use,0.0,12.0,,recovered,15,006.mp3,trimmed_first_12s
6,307,,,https://osf.io/nmr6w/,Eerola & Vuoskoski (2011) Soundtracks corpus -- research use,0.0,12.0,,recovered,3,007.mp3,trimmed_first_12s
7,308,,,https://osf.io/nmr6w/,Eerola & Vuoskoski (2011) Soundtracks corpus -- research use,0.0,12.0,,recovered,2,008.mp3,trimmed_first_12s
8,309,,,https://osf.io/nmr6w/,Eerola & Vuoskoski (2011) Soundtracks corpus -- research use,0.0,12.0,,recovered,2,009.mp3,trimmed_first_12s
9,310,,,https://osf.io/nmr6w/,Eerola & Vuoskoski (2011) Soundtracks corpus -- research use,0.0,12.0,,recovered,1,010.mp3,trimmed_first_12s
10,311,,,https://osf.io/nmr6w/,Eerola & Vuoskoski (2011) Soundtracks corpus -- research use,0.0,12.0,,recovered,6,011.mp3,trimmed_first_12s
11,312,,,https://osf.io/nmr6w/,Eerola & Vuoskoski (2011) Soundtracks corpus -- research use,0.0,12.0,,recovered,2,012.mp3,trimmed_first_12s
12,313,,,https://osf.io/nmr6w/,Eerola & Vuoskoski (2011) Soundtracks corpus -- research use,0.0,12.0,,recovered,3,013.mp3,trimmed_first_12s
13,314,,,https://osf.io/nmr6w/,Eerola & Vuoskoski (2011) Soundtracks corpus -- research use,0.0,12.0,,recovered,1,014.mp3,trimmed_first_12s
14,315,,,https://osf.io/nmr6w/,Eerola & Vuoskoski (2011) Soundtracks corpus -- research use,0.0,12.0,,recovered,5,015.mp3,trimmed_first_12s
15,316,,,https://osf.io/nmr6w/,Eerola & Vuoskoski (2011) Soundtracks corpus -- research use,0.0,12.0,,recovered,8,016.mp3,trimmed_first_12s
16,317,,,https://osf.io/nmr6w/,Eerola & Vuoskoski (2011) Soundtracks corpus -- research use,0.0,12.0,,recovered,3,017.mp3,trimmed_first_12s
17,318,,,https://osf.io/nmr6w/,Eerola & Vuoskoski (2011) Soundtracks corpus -- research use,0.0,12.0,,recovered,2,018.mp3,trimmed_first_12s
18,319,,,https://osf.io/nmr6w/,Eerola & Vuoskoski (2011) Soundtracks corpus -- research use,0.0,12.0,,recovered,3,019.mp3,trimmed_first_12s
19,320,,,https://osf.io/nmr6w/,Eerola & Vuoskoski (2011) Soundtracks corpus -- research use,0.0,12.0,,recovered,1,020.mp3,trimmed_first_12s
20,321,,,https://osf.io/nmr6w/,Eerola & Vuoskoski (2011) Soundtracks corpus -- research use,0.0,12.0,,recovered,1,021.mp3,trimmed_first_12s
21,322,,,https://osf.io/nmr6w/,Eerola & Vuoskoski (2011) Soundtracks corpus -- research use,0.0,12.0,,recovered,2,022.mp3,trimmed_first_12s
22,324,,,https://osf.io/nmr6w/,Eerola & Vuoskoski (2011) Soundtracks corpus -- research use,0.0,12.0,,recovered,3,024.mp3,trimmed_first_12s
23,325,,,https://osf.io/nmr6w/,Eerola & Vuoskoski (2011) Soundtracks corpus -- research use,0.0,12.0,,recovered,4,025.mp3,trimmed_first_12s
24,326,,,https://osf.io/nmr6w/,Eerola & Vuoskoski (2011) Soundtracks corpus -- research use,0.0,12.0,,recovered,1,026.mp3,trimmed_first_12s
25,327,,,https://osf.io/nmr6w/,Eerola & Vuoskoski (2011) Soundtracks corpus -- research use,0.0,12.0,,recovered,1,027.mp3,trimmed_first_12s
26,328,,,https://osf.io/nmr6w/,Eerola & Vuoskoski (2011) Soundtracks corpus -- research use,0.0,12.0,,recovered,2,028.mp3,trimmed_first_12s
27,329,,,https://osf.io/nmr6w/,Eerola & Vuoskoski (2011) Soundtracks corpus -- research use,0.0,12.0,,recovered,4,029.mp3,trimmed_first_12s
28,330,,,https://osf.io/nmr6w/,Eerola & Vuoskoski (2011) Soundtracks corpus -- research use,0.0,12.0,,recovered,7,030.mp3,trimmed_first_12s
29,331,,,https://osf.io/nmr6w/,Eerola & Vuoskoski (2011) Soundtracks corpus -- research use,0.0,12.0,,recovered,3,031.mp3,trimmed_first_12s
30,332,,,https://osf.io/nmr6w/,Eerola & Vuoskoski (2011) Soundtracks corpus -- research use,0.0,12.0,,recovered,19,032.mp3,trimmed_first_12s
31,333,,,https://osf.io/nmr6w/,Eerola & Vuoskoski (2011) Soundtracks corpus -- research use,0.0,12.0,,recovered,7,033.mp3,trimmed_first_12s
32,334,,,https://osf.io/nmr6w/,Eerola & Vuoskoski (2011) Soundtracks corpus -- research use,0.0,12.0,,recovered,1,034.mp3,trimmed_first_12s
33,335,,,https://osf.io/nmr6w/,Eerola & Vuoskoski (2011) Soundtracks corpus -- research use,0.0,12.0,,recovered,2,035.mp3,trimmed_first_12s
34,336,,,https://osf.io/nmr6w/,Eerola & Vuoskoski (2011) Soundtracks corpus -- research use,0.0,12.0,,recovered,3,036.mp3,trimmed_first_12s
35,337,,,https://osf.io/nmr6w/,Eerola & Vuoskoski (2011) Soundtracks corpus -- research use,0.0,12.0,,recovered,3,037.mp3,trimmed_first_12s
36,338,,,https://osf.io/nmr6w/,Eerola & Vuoskoski (2011) Soundtracks corpus -- research use,0.0,12.0,,recovered,3,038.mp3,trimmed_first_12s
37,339,,,https://osf.io/nmr6w/,Eerola & Vuoskoski (2011) Soundtracks corpus -- research use,0.0,12.0,,recovered,1,039.mp3,trimmed_first_12s
38,340,,,https://osf.io/nmr6w/,Eerola & Vuoskoski (2011) Soundtracks corpus -- research use,0.0,12.0,,recovered,16,040.mp3,trimmed_first_12s
39,341,,,https://osf.io/nmr6w/,Eerola & Vuoskoski (2011) Soundtracks corpus -- research use,0.0,12.0,,recovered,1,041.mp3,trimmed_first_12s
40,342,,,https://osf.io/nmr6w/,Eerola & Vuoskoski (2011) Soundtracks corpus -- research use,0.0,12.0,,recovered,5,042.mp3,trimmed_first_12s
41,343,,,https://osf.io/nmr6w/,Eerola & Vuoskoski (2011) Soundtracks corpus -- research use,0.0,12.0,,recovered,4,043.mp3,trimmed_first_12s
42,344,,,https://osf.io/nmr6w/,Eerola & Vuoskoski (2011) Soundtracks corpus -- research use,0.0,12.0,,recovered,3,044.mp3,trimmed_first_12s
43,345,,,https://osf.io/nmr6w/,Eerola & Vuoskoski (2011) Soundtracks corpus -- research use,0.0,12.0,,recovered,5,045.mp3,trimmed_first_12s
44,346,,,https://osf.io/nmr6w/,Eerola & Vuoskoski (2011) Soundtracks corpus -- research use,0.0,12.0,,recovered,3,046.mp3,trimmed_first_12s
45,347,,,https://osf.io/nmr6w/,Eerola & Vuoskoski (2011) Soundtracks corpus -- research use,0.0,12.0,,recovered,4,047.mp3,trimmed_first_12s
46,348,,,https://osf.io/nmr6w/,Eerola & Vuoskoski (2011) Soundtracks corpus -- research use,0.0,12.0,,recovered,2,048.mp3,trimmed_first_12s
47,349,,,https://osf.io/nmr6w/,Eerola & Vuoskoski (2011) Soundtracks corpus -- research use,0.0,12.0,,recovered,2,049.mp3,trimmed_first_12s
48,350,,,https://osf.io/nmr6w/,Eerola & Vuoskoski (2011) Soundtracks corpus -- research use,0.0,12.0,,recovered,2,050.mp3,trimmed_first_12s
49,351,,,https://osf.io/nmr6w/,Eerola & Vuoskoski (2011) Soundtracks corpus -- research use,0.0,12.0,,recovered,3,051.mp3,trimmed_first_12s
50,352,,,https://osf.io/nmr6w/,Eerola & Vuoskoski (2011) Soundtracks corpus -- research use,0.0,12.0,,recovered,1,052.mp3,trimmed_first_12s
51,353,,,https://osf.io/nmr6w/,Eerola & Vuoskoski (2011) Soundtracks corpus -- research use,0.0,12.0,,recovered,1,053.mp3,trimmed_first_12s
52,354,,,https://osf.io/nmr6w/,Eerola & Vuoskoski (2011) Soundtracks corpus -- research use,0.0,12.0,,recovered,4,054.mp3,trimmed_first_12s
53,355,,,https://osf.io/nmr6w/,Eerola & Vuoskoski (2011) Soundtracks corpus -- research use,0.0,12.0,,recovered,15,055.mp3,trimmed_first_12s
54,356,,,https://osf.io/nmr6w/,Eerola & Vuoskoski (2011) Soundtracks corpus -- research use,0.0,12.0,,recovered,2,056.mp3,trimmed_first_12s
55,357,,,https://osf.io/nmr6w/,Eerola & Vuoskoski (2011) Soundtracks corpus -- research use,0.0,12.0,,recovered,2,057.mp3,trimmed_first_12s
56,358,,,https://osf.io/nmr6w/,Eerola & Vuoskoski (2011) Soundtracks corpus -- research use,0.0,11.36,,recovered,1,058.mp3,too_short (source=11.36s)
57,359,,,https://osf.io/nmr6w/,Eerola & Vuoskoski (2011) Soundtracks corpus -- research use,0.0,12.0,,recovered,2,059.mp3,trimmed_first_12s
58,360,,,https://osf.io/nmr6w/,Eerola & Vuoskoski (2011) Soundtracks corpus -- research use,0.0,11.91,,recovered,12,060.mp3,too_short (source=11.91s)
59,361,,,https://osf.io/nmr6w/,Eerola & Vuoskoski (2011) Soundtracks corpus -- research use,0.0,12.0,,recovered,1,061.mp3,trimmed_first_12s
60,362,,,https://osf.io/nmr6w/,Eerola & Vuoskoski (2011) Soundtracks corpus -- research use,0.0,12.0,,recovered,15,062.mp3,trimmed_first_12s
61,363,,,https://osf.io/nmr6w/,Eerola & Vuoskoski (2011) Soundtracks corpus -- research use,0.0,12.0,,recovered,4,063.mp3,trimmed_first_12s
62,364,,,https://osf.io/nmr6w/,Eerola & Vuoskoski (2011) Soundtracks corpus -- research use,0.0,12.0,,recovered,6,064.mp3,trimmed_first_12s
63,365,,,https://osf.io/nmr6w/,Eerola & Vuoskoski (2011) Soundtracks corpus -- research use,0.0,12.0,,recovered,2,065.mp3,trimmed_first_12s
64,367,,,https://osf.io/nmr6w/,Eerola & Vuoskoski (2011) Soundtracks corpus -- research use,0.0,12.0,,recovered,3,067.mp3,trimmed_first_12s
65,368,,,https://osf.io/nmr6w/,Eerola & Vuoskoski (2011) Soundtracks corpus -- research use,0.0,12.0,,recovered,2,068.mp3,trimmed_first_12s
66,369,,,https://osf.io/nmr6w/,Eerola & Vuoskoski (2011) Soundtracks corpus -- research use,0.0,12.0,,recovered,16,069.mp3,trimmed_first_12s
67,370,,,https://osf.io/nmr6w/,Eerola & Vuoskoski (2011) Soundtracks corpus -- research use,0.0,12.0,,recovered,3,070.mp3,trimmed_first_12s
68,371,,,https://osf.io/nmr6w/,Eerola & Vuoskoski (2011) Soundtracks corpus -- research use,0.0,12.0,,recovered,2,071.mp3,trimmed_first_12s
69,372,,,https://osf.io/nmr6w/,Eerola & Vuoskoski (2011) Soundtracks corpus -- research use,0.0,12.0,,recovered,5,072.mp3,trimmed_first_12s
70,373,,,https://osf.io/nmr6w/,Eerola & Vuoskoski (2011) Soundtracks corpus -- research use,0.0,12.0,,recovered,3,073.mp3,trimmed_first_12s
71,374,,,https://osf.io/nmr6w/,Eerola & Vuoskoski (2011) Soundtracks corpus -- research use,0.0,12.0,,recovered,7,074.mp3,trimmed_first_12s
72,375,,,https://osf.io/nmr6w/,Eerola & Vuoskoski (2011) Soundtracks corpus -- research use,0.0,12.0,,recovered,5,075.mp3,trimmed_first_12s
73,376,,,https://osf.io/nmr6w/,Eerola & Vuoskoski (2011) Soundtracks corpus -- research use,0.0,12.0,,recovered,2,076.mp3,trimmed_first_12s
74,377,,,https://osf.io/nmr6w/,Eerola & Vuoskoski (2011) Soundtracks corpus -- research use,0.0,12.0,,recovered,3,077.mp3,trimmed_first_12s
75,379,,,https://osf.io/nmr6w/,Eerola & Vuoskoski (2011) Soundtracks corpus -- research use,0.0,12.0,,recovered,2,079.mp3,trimmed_first_12s
76,381,,,https://osf.io/nmr6w/,Eerola & Vuoskoski (2011) Soundtracks corpus -- research use,0.0,12.0,,recovered,6,081.mp3,trimmed_first_12s
77,383,,,https://osf.io/nmr6w/,Eerola & Vuoskoski (2011) Soundtracks corpus -- research use,0.0,12.0,,recovered,2,083.mp3,trimmed_first_12s
78,384,,,https://osf.io/nmr6w/,Eerola & Vuoskoski (2011) Soundtracks corpus -- research use,0.0,12.0,,recovered,1,084.mp3,trimmed_first_12s
79,385,,,https://osf.io/nmr6w/,Eerola & Vuoskoski (2011) Soundtracks corpus -- research use,0.0,12.0,,recovered,4,085.mp3,trimmed_first_12s
80,386,,,https://osf.io/nmr6w/,Eerola & Vuoskoski (2011) Soundtracks corpus -- research use,0.0,12.0,,recovered,6,086.mp3,trimmed_first_12s
81,387,,,https://osf.io/nmr6w/,Eerola & Vuoskoski (2011) Soundtracks corpus -- research use,0.0,12.0,,recovered,5,087.mp3,trimmed_first_12s
82,388,,,https://osf.io/nmr6w/,Eerola & Vuoskoski (2011) Soundtracks corpus -- research use,0.0,12.0,,recovered,1,088.mp3,trimmed_first_12s
83,389,,,https://osf.io/nmr6w/,Eerola & Vuoskoski (2011) Soundtracks corpus -- research use,0.0,12.0,,recovered,3,089.mp3,trimmed_first_12s
84,390,,,https://osf.io/nmr6w/,Eerola & Vuoskoski (2011) Soundtracks corpus -- research use,0.0,12.0,,recovered,3,090.mp3,trimmed_first_12s
85,391,,,https://osf.io/nmr6w/,Eerola & Vuoskoski (2011) Soundtracks corpus -- research use,0.0,12.0,,recovered,14,091.mp3,trimmed_first_12s
86,392,,,https://osf.io/nmr6w/,Eerola & Vuoskoski (2011) Soundtracks corpus -- research use,0.0,12.0,,recovered,5,092.mp3,trimmed_first_12s
87,393,,,https://osf.io/nmr6w/,Eerola & Vuoskoski (2011) Soundtracks corpus -- research use,0.0,12.0,,recovered,2,093.mp3,trimmed_first_12s
88,394,,,https://osf.io/nmr6w/,Eerola & Vuoskoski (2011) Soundtracks corpus -- research use,0.0,12.0,,recovered,3,094.mp3,trimmed_first_12s
89,395,,,https://osf.io/nmr6w/,Eerola & Vuoskoski (2011) Soundtracks corpus -- research use,0.0,12.0,,recovered,2,095.mp3,trimmed_first_12s
90,397,,,https://osf.io/nmr6w/,Eerola & Vuoskoski (2011) Soundtracks corpus -- research use,0.0,12.0,,recovered,1,097.mp3,trimmed_first_12s
91,398,,,https://osf.io/nmr6w/,Eerola & Vuoskoski (2011) Soundtracks corpus -- research use,0.0,12.0,,recovered,1,098.mp3,trimmed_first_12s
92,399,,,https://osf.io/nmr6w/,Eerola & Vuoskoski (2011) Soundtracks corpus -- research use,0.0,12.0,,recovered,6,099.mp3,trimmed_first_12s
93,400,,,https://osf.io/nmr6w/,Eerola & Vuoskoski (2011) Soundtracks corpus -- research use,0.0,12.0,,recovered,5,100.mp3,trimmed_first_12s
94,401,,,https://osf.io/nmr6w/,Eerola & Vuoskoski (2011) Soundtracks corpus -- research use,0.0,12.0,,recovered,4,101.mp3,trimmed_first_12s
95,402,,,https://osf.io/nmr6w/,Eerola & Vuoskoski (2011) Soundtracks corpus -- research use,0.0,12.0,,recovered,2,102.mp3,trimmed_first_12s
96,403,,,https://osf.io/nmr6w/,Eerola & Vuoskoski (2011) Soundtracks corpus -- research use,0.0,12.0,,recovered,4,103.mp3,trimmed_first_12s
97,404,,,https://osf.io/nmr6w/,Eerola & Vuoskoski (2011) Soundtracks corpus -- research use,0.0,12.0,,recovered,2,104.mp3,trimmed_first_12s
98,405,,,https://osf.io/nmr6w/,Eerola & Vuoskoski (2011) Soundtracks corpus -- research use,0.0,12.0,,recovered,2,105.mp3,trimmed_first_12s
99,406,,,https://osf.io/nmr6w/,Eerola & Vuoskoski (2011) Soundtracks corpus -- research use,0.0,12.0,,recovered,1,106.mp3,trimmed_first_12s
100,407,,,https://osf.io/nmr6w/,Eerola & Vuoskoski (2011) Soundtracks corpus -- research use,0.0,12.0,,recovered,1,107.mp3,trimmed_first_12s
101,409,,,https://osf.io/nmr6w/,Eerola & Vuoskoski (2011) Soundtracks corpus -- research use,0.0,12.0,,recovered,2,109.mp3,trimmed_first_12s
102,410,,,https://osf.io/nmr6w/,Eerola & Vuoskoski (2011) Soundtracks corpus -- research use,0.0,12.0,,recovered,2,110.mp3,trimmed_first_12s
103,411,,,https://osf.io/nmr6w/,Eerola & Vuoskoski (2011) Soundtracks corpus -- research use,0.0,12.0,,recovered,3,111.mp3,trimmed_first_12s
104,412,,,https://osf.io/nmr6w/,Eerola & Vuoskoski (2011) Soundtracks corpus -- research use,0.0,12.0,,recovered,16,112.mp3,trimmed_first_12s
105,413,,,https://osf.io/nmr6w/,Eerola & Vuoskoski (2011) Soundtracks corpus -- research use,0.0,12.0,,recovered,15,113.mp3,trimmed_first_12s
106,414,,,https://osf.io/nmr6w/,Eerola & Vuoskoski (2011) Soundtracks corpus -- research use,0.0,12.0,,recovered,2,114.mp3,trimmed_first_12s
107,415,,,https://osf.io/nmr6w/,Eerola & Vuoskoski (2011) Soundtracks corpus -- research use,0.0,12.0,,recovered,3,115.mp3,trimmed_first_12s
108,416,,,https://osf.io/nmr6w/,Eerola & Vuoskoski (2011) Soundtracks corpus -- research use,0.0,12.0,,recovered,3,116.mp3,trimmed_first_12s
109,418,,,https://osf.io/nmr6w/,Eerola & Vuoskoski (2011) Soundtracks corpus -- research use,0.0,12.0,,recovered,2,118.mp3,trimmed_first_12s
110,419,,,https://osf.io/nmr6w/,Eerola & Vuoskoski (2011) Soundtracks corpus -- research use,0.0,12.0,,recovered,14,119.mp3,trimmed_first_12s
111,420,,,https://osf.io/nmr6w/,Eerola & Vuoskoski (2011) Soundtracks corpus -- research use,0.0,12.0,,recovered,2,120.mp3,trimmed_first_12s
112,421,,,https://osf.io/nmr6w/,Eerola & Vuoskoski (2011) Soundtracks corpus -- research use,0.0,12.0,,recovered,9,121.mp3,trimmed_first_12s
113,422,,,https://osf.io/nmr6w/,Eerola & Vuoskoski (2011) Soundtracks corpus -- research use,0.0,12.0,,recovered,1,122.mp3,trimmed_first_12s
114,423,,,https://osf.io/nmr6w/,Eerola & Vuoskoski (2011) Soundtracks corpus -- research use,0.0,12.0,,recovered,17,123.mp3,trimmed_first_12s
115,424,,,https://osf.io/nmr6w/,Eerola & Vuoskoski (2011) Soundtracks corpus -- research use,0.0,12.0,,recovered,1,124.mp3,trimmed_first_12s
116,425,,,https://osf.io/nmr6w/,Eerola & Vuoskoski (2011) Soundtracks corpus -- research use,0.0,12.0,,recovered,1,125.mp3,trimmed_first_12s
117,426,,,https://osf.io/nmr6w/,Eerola & Vuoskoski (2011) Soundtracks corpus -- research use,0.0,12.0,,recovered,3,126.mp3,trimmed_first_12s
118,427,,,https://osf.io/nmr6w/,Eerola & Vuoskoski (2011) Soundtracks corpus -- research use,0.0,12.0,,recovered,2,127.mp3,trimmed_first_12s
119,428,,,https://osf.io/nmr6w/,Eerola & Vuoskoski (2011) Soundtracks corpus -- research use,0.0,12.0,,recovered,6,128.mp3,trimmed_first_12s
120,429,,,https://osf.io/nmr6w/,Eerola & Vuoskoski (2011) Soundtracks corpus -- research use,0.0,12.0,,recovered,2,129.mp3,trimmed_first_12s
121,430,,,https://osf.io/nmr6w/,Eerola & Vuoskoski (2011) Soundtracks corpus -- research use,0.0,12.0,,recovered,2,130.mp3,trimmed_first_12s
122,431,,,https://osf.io/nmr6w/,Eerola & Vuoskoski (2011) Soundtracks corpus -- research use,0.0,12.0,,recovered,6,131.mp3,trimmed_first_12s
123,432,,,https://osf.io/nmr6w/,Eerola & Vuoskoski (2011) Soundtracks corpus -- research use,0.0,12.0,,recovered,1,132.mp3,trimmed_first_12s
124,433,,,https://osf.io/nmr6w/,Eerola & Vuoskoski (2011) Soundtracks corpus -- research use,0.0,12.0,,recovered,10,133.mp3,trimmed_first_12s
125,434,,,https://osf.io/nmr6w/,Eerola & Vuoskoski (2011) Soundtracks corpus -- research use,0.0,12.0,,recovered,1,134.mp3,trimmed_first_12s
126,435,,,https://osf.io/nmr6w/,Eerola & Vuoskoski (2011) Soundtracks corpus -- research use,0.0,12.0,,recovered,15,135.mp3,trimmed_first_12s
127,436,,,https://osf.io/nmr6w/,Eerola & Vuoskoski (2011) Soundtracks corpus -- research use,0.0,12.0,,recovered,7,136.mp3,trimmed_first_12s
128,437,,,https://osf.io/nmr6w/,Eerola & Vuoskoski (2011) Soundtracks corpus -- research use,0.0,12.0,,recovered,1,137.mp3,trimmed_first_12s
129,438,,,https://osf.io/nmr6w/,Eerola & Vuoskoski (2011) Soundtracks corpus -- research use,0.0,12.0,,recovered,2,138.mp3,trimmed_first_12s
130,439,,,https://osf.io/nmr6w/,Eerola & Vuoskoski (2011) Soundtracks corpus -- research use,0.0,12.0,,recovered,2,139.mp3,trimmed_first_12s
131,440,,,https://osf.io/nmr6w/,Eerola & Vuoskoski (2011) Soundtracks corpus -- research use,0.0,12.0,,recovered,16,140.mp3,trimmed_first_12s
132,441,,,https://osf.io/nmr6w/,Eerola & Vuoskoski (2011) Soundtracks corpus -- research use,0.0,10.95,,recovered,2,141.mp3,too_short (source=10.95s)
133,442,,,https://osf.io/nmr6w/,Eerola & Vuoskoski (2011) Soundtracks corpus -- research use,0.0,12.0,,recovered,2,142.mp3,trimmed_first_12s
134,443,,,https://osf.io/nmr6w/,Eerola & Vuoskoski (2011) Soundtracks corpus -- research use,0.0,12.0,,recovered,6,143.mp3,trimmed_first_12s
135,444,,,https://osf.io/nmr6w/,Eerola & Vuoskoski (2011) Soundtracks corpus -- research use,0.0,12.0,,recovered,4,144.mp3,trimmed_first_12s
136,445,,,https://osf.io/nmr6w/,Eerola & Vuoskoski (2011) Soundtracks corpus -- research use,0.0,12.0,,recovered,5,145.mp3,trimmed_first_12s
137,446,,,https://osf.io/nmr6w/,Eerola & Vuoskoski (2011) Soundtracks corpus -- research use,0.0,12.0,,recovered,4,146.mp3,trimmed_first_12s
138,447,,,https://osf.io/nmr6w/,Eerola & Vuoskoski (2011) Soundtracks corpus -- research use,0.0,12.0,,recovered,18,147.mp3,trimmed_first_12s
139,448,,,https://osf.io/nmr6w/,Eerola & Vuoskoski (2011) Soundtracks corpus -- research use,0.0,12.0,,recovered,18,148.mp3,trimmed_first_12s
140,449,,,https://osf.io/nmr6w/,Eerola & Vuoskoski (2011) Soundtracks corpus -- research use,0.0,12.0,,recovered,1,149.mp3,trimmed_first_12s
141,450,,,https://osf.io/nmr6w/,Eerola & Vuoskoski (2011) Soundtracks corpus -- research use,0.0,12.0,,recovered,8,150.mp3,trimmed_first_12s
142,451,,,https://osf.io/nmr6w/,Eerola & Vuoskoski (2011) Soundtracks corpus -- research use,0.0,12.0,,recovered,7,151.mp3,trimmed_first_12s
143,452,,,https://osf.io/nmr6w/,Eerola & Vuoskoski (2011) Soundtracks corpus -- research use,0.0,10.06,,recovered,13,152.mp3,too_short (source=10.06s)
144,453,,,https://osf.io/nmr6w/,Eerola & Vuoskoski (2011) Soundtracks corpus -- research use,0.0,12.0,,recovered,3,153.mp3,trimmed_first_12s
145,454,,,https://osf.io/nmr6w/,Eerola & Vuoskoski (2011) Soundtracks corpus -- research use,0.0,12.0,,recovered,3,154.mp3,trimmed_first_12s
146,455,,,https://osf.io/nmr6w/,Eerola & Vuoskoski (2011) Soundtracks corpus -- research use,0.0,12.0,,recovered,3,155.mp3,trimmed_first_12s
147,456,,,https://osf.io/nmr6w/,Eerola & Vuoskoski (2011) Soundtracks corpus -- research use,0.0,12.0,,recovered,3,156.mp3,trimmed_first_12s
148,458,,,https://osf.io/nmr6w/,Eerola & Vuoskoski (2011) Soundtracks corpus -- research use,0.0,12.0,,recovered,4,158.mp3,trimmed_first_12s
149,459,,,https://osf.io/nmr6w/,Eerola & Vuoskoski (2011) Soundtracks corpus -- research use,0.0,12.0,,recovered,1,159.mp3,trimmed_first_12s
150,460,,,https://osf.io/nmr6w/,Eerola & Vuoskoski (2011) Soundtracks corpus -- research use,0.0,12.0,,recovered,19,160.mp3,trimmed_first_12s
151,461,,,https://osf.io/nmr6w/,Eerola & Vuoskoski (2011) Soundtracks corpus -- research use,0.0,12.0,,recovered,1,161.mp3,trimmed_first_12s
152,462,,,https://osf.io/nmr6w/,Eerola & Vuoskoski (2011) Soundtracks corpus -- research use,0.0,12.0,,recovered,2,162.mp3,trimmed_first_12s
153,463,,,https://osf.io/nmr6w/,Eerola & Vuoskoski (2011) Soundtracks corpus -- research use,0.0,12.0,,recovered,14,163.mp3,trimmed_first_12s
154,464,,,https://osf.io/nmr6w/,Eerola & Vuoskoski (2011) Soundtracks corpus -- research use,0.0,12.0,,recovered,6,164.mp3,trimmed_first_12s
155,465,,,https://osf.io/nmr6w/,Eerola & Vuoskoski (2011) Soundtracks corpus -- research use,0.0,12.0,,recovered,6,165.mp3,trimmed_first_12s
156,466,,,https://osf.io/nmr6w/,Eerola & Vuoskoski (2011) Soundtracks corpus -- research use,0.0,12.0,,recovered,21,166.mp3,trimmed_first_12s
157,467,,,https://osf.io/nmr6w/,Eerola & Vuoskoski (2011) Soundtracks corpus -- research use,0.0,12.0,,recovered,3,167.mp3,trimmed_first_12s
158,468,,,https://osf.io/nmr6w/,Eerola & Vuoskoski (2011) Soundtracks corpus -- research use,0.0,12.0,,recovered,2,168.mp3,trimmed_first_12s
159,469,,,https://osf.io/nmr6w/,Eerola & Vuoskoski (2011) Soundtracks corpus -- research use,0.0,12.0,,recovered,1,169.mp3,trimmed_first_12s
160,470,,,https://osf.io/nmr6w/,Eerola & Vuoskoski (2011) Soundtracks corpus -- research use,0.0,12.0,,recovered,17,170.mp3,trimmed_first_12s
161,471,,,https://osf.io/nmr6w/,Eerola & Vuoskoski (2011) Soundtracks corpus -- research use,0.0,12.0,,recovered,6,171.mp3,trimmed_first_12s
162,472,,,https://osf.io/nmr6w/,Eerola & Vuoskoski (2011) Soundtracks corpus -- research use,0.0,12.0,,recovered,2,172.mp3,trimmed_first_12s
163,473,,,https://osf.io/nmr6w/,Eerola & Vuoskoski (2011) Soundtracks corpus -- research use,0.0,12.0,,recovered,5,173.mp3,trimmed_first_12s
164,474,,,https://osf.io/nmr6w/,Eerola & Vuoskoski (2011) Soundtracks corpus -- research use,0.0,12.0,,recovered,18,174.mp3,trimmed_first_12s
165,475,,,https://osf.io/nmr6w/,Eerola & Vuoskoski (2011) Soundtracks corpus -- research use,0.0,12.0,,recovered,5,175.mp3,trimmed_first_12s
166,476,,,https://osf.io/nmr6w/,Eerola & Vuoskoski (2011) Soundtracks corpus -- research use,0.0,12.0,,recovered,18,176.mp3,trimmed_first_12s
167,477,,,https://osf.io/nmr6w/,Eerola & Vuoskoski (2011) Soundtracks corpus -- research use,0.0,12.0,,recovered,1,177.mp3,trimmed_first_12s
168,478,,,https://osf.io/nmr6w/,Eerola & Vuoskoski (2011) Soundtracks corpus -- research use,0.0,12.0,,recovered,2,178.mp3,trimmed_first_12s
169,479,,,https://osf.io/nmr6w/,Eerola & Vuoskoski (2011) Soundtracks corpus -- research use,0.0,12.0,,recovered,2,179.mp3,trimmed_first_12s
170,480,,,https://osf.io/nmr6w/,Eerola & Vuoskoski (2011) Soundtracks corpus -- research use,0.0,12.0,,recovered,1,180.mp3,trimmed_first_12s
171,481,,,https://osf.io/nmr6w/,Eerola & Vuoskoski (2011) Soundtracks corpus -- research use,0.0,12.0,,recovered,2,181.mp3,trimmed_first_12s
172,482,,,https://osf.io/nmr6w/,Eerola & Vuoskoski (2011) Soundtracks corpus -- research use,0.0,12.0,,recovered,6,182.mp3,trimmed_first_12s
173,483,,,https://osf.io/nmr6w/,Eerola & Vuoskoski (2011) Soundtracks corpus -- research use,0.0,12.0,,recovered,2,183.mp3,trimmed_first_12s
174,484,,,https://osf.io/nmr6w/,Eerola & Vuoskoski (2011) Soundtracks corpus -- research use,0.0,12.0,,recovered,5,184.mp3,trimmed_first_12s
175,485,,,https://osf.io/nmr6w/,Eerola & Vuoskoski (2011) Soundtracks corpus -- research use,0.0,12.0,,recovered,3,185.mp3,trimmed_first_12s
176,486,,,https://osf.io/nmr6w/,Eerola & Vuoskoski (2011) Soundtracks corpus -- research use,0.0,12.0,,recovered,13,186.mp3,trimmed_first_12s
177,487,,,https://osf.io/nmr6w/,Eerola & Vuoskoski (2011) Soundtracks corpus -- research use,0.0,12.0,,recovered,8,187.mp3,trimmed_first_12s
178,488,,,https://osf.io/nmr6w/,Eerola & Vuoskoski (2011) Soundtracks corpus -- research use,0.0,12.0,,recovered,5,188.mp3,trimmed_first_12s
179,489,,,https://osf.io/nmr6w/,Eerola & Vuoskoski (2011) Soundtracks corpus -- research use,0.0,12.0,,recovered,1,189.mp3,trimmed_first_12s
180,490,,,https://osf.io/nmr6w/,Eerola & Vuoskoski (2011) Soundtracks corpus -- research use,0.0,12.0,,recovered,14,190.mp3,trimmed_first_12s
181,491,,,https://osf.io/nmr6w/,Eerola & Vuoskoski (2011) Soundtracks corpus -- research use,0.0,12.0,,recovered,1,191.mp3,trimmed_first_12s
182,492,,,https://osf.io/nmr6w/,Eerola & Vuoskoski (2011) Soundtracks corpus -- research use,0.0,12.0,,recovered,3,192.mp3,trimmed_first_12s
183,493,,,https://osf.io/nmr6w/,Eerola & Vuoskoski (2011) Soundtracks corpus -- research use,0.0,12.0,,recovered,2,193.mp3,trimmed_first_12s
184,495,,,https://osf.io/nmr6w/,Eerola & Vuoskoski (2011) Soundtracks corpus -- research use,0.0,11.99,,recovered,4,195.mp3,too_short (source=11.99s)
185,496,,,https://osf.io/nmr6w/,Eerola & Vuoskoski (2011) Soundtracks corpus -- research use,0.0,12.0,,recovered,5,196.mp3,trimmed_first_12s
186,497,,,https://osf.io/nmr6w/,Eerola & Vuoskoski (2011) Soundtracks corpus -- research use,0.0,12.0,,recovered,2,197.mp3,trimmed_first_12s
187,498,,,https://osf.io/nmr6w/,Eerola & Vuoskoski (2011) Soundtracks corpus -- research use,0.0,12.0,,recovered,2,198.mp3,trimmed_first_12s
188,499,,,https://osf.io/nmr6w/,Eerola & Vuoskoski (2011) Soundtracks corpus -- research use,0.0,12.0,,recovered,4,199.mp3,trimmed_first_12s
189,500,,,https://osf.io/nmr6w/,Eerola & Vuoskoski (2011) Soundtracks corpus -- research use,0.0,12.0,,recovered,3,200.mp3,trimmed_first_12s
190,501,,,https://osf.io/nmr6w/,Eerola & Vuoskoski (2011) Soundtracks corpus -- research use,0.0,10.06,,recovered,6,201.mp3,too_short (source=10.06s)
191,502,,,https://osf.io/nmr6w/,Eerola & Vuoskoski (2011) Soundtracks corpus -- research use,0.0,12.0,,recovered,5,202.mp3,trimmed_first_12s
192,503,,,https://osf.io/nmr6w/,Eerola & Vuoskoski (2011) Soundtracks corpus -- research use,0.0,12.0,,recovered,2,203.mp3,trimmed_first_12s
193,504,,,https://osf.io/nmr6w/,Eerola & Vuoskoski (2011) Soundtracks corpus -- research use,0.0,12.0,,recovered,5,204.mp3,trimmed_first_12s
194,505,,,https://osf.io/nmr6w/,Eerola & Vuoskoski (2011) Soundtracks corpus -- research use,0.0,12.0,,recovered,2,205.mp3,trimmed_first_12s
195,506,,,https://osf.io/nmr6w/,Eerola & Vuoskoski (2011) Soundtracks corpus -- research use,0.0,12.0,,recovered,1,206.mp3,trimmed_first_12s
196,507,,,https://osf.io/nmr6w/,Eerola & Vuoskoski (2011) Soundtracks corpus -- research use,0.0,12.0,,recovered,3,207.mp3,trimmed_first_12s
197,508,,,https://osf.io/nmr6w/,Eerola & Vuoskoski (2011) Soundtracks corpus -- research use,0.0,12.0,,recovered,4,208.mp3,trimmed_first_12s
198,509,,,https://osf.io/nmr6w/,Eerola & Vuoskoski (2011) Soundtracks corpus -- research use,0.0,12.0,,recovered,4,209.mp3,trimmed_first_12s
199,510,,,https://osf.io/nmr6w/,Eerola & Vuoskoski (2011) Soundtracks corpus -- research use,0.0,12.0,,recovered,3,210.mp3,trimmed_first_12s
200,511,,,https://osf.io/nmr6w/,Eerola & Vuoskoski (2011) Soundtracks corpus -- research use,0.0,12.0,,recovered,16,211.mp3,trimmed_first_12s
201,512,,,https://osf.io/nmr6w/,Eerola & Vuoskoski (2011) Soundtracks corpus -- research use,0.0,12.0,,recovered,3,212.mp3,trimmed_first_12s
202,513,,,https://osf.io/nmr6w/,Eerola & Vuoskoski (2011) Soundtracks corpus -- research use,0.0,12.0,,recovered,7,213.mp3,trimmed_first_12s
203,514,,,https://osf.io/nmr6w/,Eerola & Vuoskoski (2011) Soundtracks corpus -- research use,0.0,12.0,,recovered,13,214.mp3,trimmed_first_12s
204,515,,,https://osf.io/nmr6w/,Eerola & Vuoskoski (2011) Soundtracks corpus -- research use,0.0,12.0,,recovered,1,215.mp3,trimmed_first_12s
205,516,,,https://osf.io/nmr6w/,Eerola & Vuoskoski (2011) Soundtracks corpus -- research use,0.0,12.0,,recovered,1,216.mp3,trimmed_first_12s
206,520,,,https://osf.io/nmr6w/,Eerola & Vuoskoski (2011) Soundtracks corpus -- research use,0.0,12.0,,recovered,1,220.mp3,trimmed_first_12s
207,523,,,https://osf.io/nmr6w/,Eerola & Vuoskoski (2011) Soundtracks corpus -- research use,0.0,12.0,,recovered,1,223.mp3,trimmed_first_12s
208,524,,,https://osf.io/nmr6w/,Eerola & Vuoskoski (2011) Soundtracks corpus -- research use,0.0,12.0,,recovered,2,224.mp3,trimmed_first_12s
209,525,,,https://osf.io/nmr6w/,Eerola & Vuoskoski (2011) Soundtracks corpus -- research use,0.0,12.0,,recovered,1,225.mp3,trimmed_first_12s
210,526,,,https://osf.io/nmr6w/,Eerola & Vuoskoski (2011) Soundtracks corpus -- research use,0.0,12.0,,recovered,1,226.mp3,trimmed_first_12s
211,527,,,https://osf.io/nmr6w/,Eerola & Vuoskoski (2011) Soundtracks corpus -- research use,0.0,12.0,,recovered,1,227.mp3,trimmed_first_12s
212,530,,,https://osf.io/nmr6w/,Eerola & Vuoskoski (2011) Soundtracks corpus -- research use,0.0,12.0,,recovered,1,230.mp3,trimmed_first_12s
213,531,,,https://osf.io/nmr6w/,Eerola & Vuoskoski (2011) Soundtracks corpus -- research use,0.0,12.0,,recovered,1,231.mp3,trimmed_first_12s
214,532,,,https://osf.io/nmr6w/,Eerola & Vuoskoski (2011) Soundtracks corpus -- research use,0.0,12.0,,recovered,10,232.mp3,trimmed_first_12s
215,533,,,https://osf.io/nmr6w/,Eerola & Vuoskoski (2011) Soundtracks corpus -- research use,0.0,12.0,,recovered,1,233.mp3,trimmed_first_12s
216,534,,,https://osf.io/nmr6w/,Eerola & Vuoskoski (2011) Soundtracks corpus -- research use,0.0,12.0,,recovered,1,234.mp3,trimmed_first_12s
217,535,,,https://osf.io/nmr6w/,Eerola & Vuoskoski (2011) Soundtracks corpus -- research use,0.0,12.0,,recovered,1,235.mp3,trimmed_first_12s
218,538,,,https://osf.io/nmr6w/,Eerola & Vuoskoski (2011) Soundtracks corpus -- research use,0.0,12.0,,recovered,1,238.mp3,trimmed_first_12s
219,540,,,https://osf.io/nmr6w/,Eerola & Vuoskoski (2011) Soundtracks corpus -- research use,0.0,12.0,,recovered,1,240.mp3,trimmed_first_12s
220,542,,,https://osf.io/nmr6w/,Eerola & Vuoskoski (2011) Soundtracks corpus -- research use,0.0,12.0,,recovered,1,242.mp3,trimmed_first_12s
221,543,,,https://osf.io/nmr6w/,Eerola & Vuoskoski (2011) Soundtracks corpus -- research use,0.0,12.0,,recovered,1,243.mp3,trimmed_first_12s
222,544,,,https://osf.io/nmr6w/,Eerola & Vuoskoski (2011) Soundtracks corpus -- research use,0.0,12.0,,recovered,1,244.mp3,trimmed_first_12s
223,545,,,https://osf.io/nmr6w/,Eerola & Vuoskoski (2011) Soundtracks corpus -- research use,0.0,12.0,,recovered,1,245.mp3,trimmed_first_12s
224,548,,,https://osf.io/nmr6w/,Eerola & Vuoskoski (2011) Soundtracks corpus -- research use,0.0,12.0,,recovered,1,248.mp3,trimmed_first_12s
225,549,,,https://osf.io/nmr6w/,Eerola & Vuoskoski (2011) Soundtracks corpus -- research use,0.0,12.0,,recovered,1,249.mp3,trimmed_first_12s
226,550,,,https://osf.io/nmr6w/,Eerola & Vuoskoski (2011) Soundtracks corpus -- research use,0.0,12.0,,recovered,2,250.mp3,trimmed_first_12s
227,551,,,https://osf.io/nmr6w/,Eerola & Vuoskoski (2011) Soundtracks corpus -- research use,0.0,12.0,,recovered,1,251.mp3,trimmed_first_12s
228,552,,,https://osf.io/nmr6w/,Eerola & Vuoskoski (2011) Soundtracks corpus -- research use,0.0,12.0,,recovered,1,252.mp3,trimmed_first_12s
229,554,,,https://osf.io/nmr6w/,Eerola & Vuoskoski (2011) Soundtracks corpus -- research use,0.0,12.0,,recovered,11,254.mp3,trimmed_first_12s
230,555,,,https://osf.io/nmr6w/,Eerola & Vuoskoski (2011) Soundtracks corpus -- research use,0.0,12.0,,recovered,1,255.mp3,trimmed_first_12s
231,556,,,https://osf.io/nmr6w/,Eerola & Vuoskoski (2011) Soundtracks corpus -- research use,0.0,12.0,,recovered,1,256.mp3,trimmed_first_12s
232,557,,,https://osf.io/nmr6w/,Eerola & Vuoskoski (2011) Soundtracks corpus -- research use,0.0,12.0,,recovered,1,257.mp3,trimmed_first_12s
233,558,,,https://osf.io/nmr6w/,Eerola & Vuoskoski (2011) Soundtracks corpus -- research use,0.0,12.0,,recovered,1,258.mp3,trimmed_first_12s
234,560,,,https://osf.io/nmr6w/,Eerola & Vuoskoski (2011) Soundtracks corpus -- research use,0.0,12.0,,recovered,1,260.mp3,trimmed_first_12s
235,561,,,https://osf.io/nmr6w/,Eerola & Vuoskoski (2011) Soundtracks corpus -- research use,0.0,12.0,,recovered,1,261.mp3,trimmed_first_12s
236,562,,,https://osf.io/nmr6w/,Eerola & Vuoskoski (2011) Soundtracks corpus -- research use,0.0,12.0,,recovered,1,262.mp3,trimmed_first_12s
237,565,,,https://osf.io/nmr6w/,Eerola & Vuoskoski (2011) Soundtracks corpus -- research use,0.0,11.13,,recovered,1,265.mp3,too_short (source=11.13s)
238,566,,,https://osf.io/nmr6w/,Eerola & Vuoskoski (2011) Soundtracks corpus -- research use,0.0,12.0,,recovered,1,266.mp3,trimmed_first_12s
239,567,,,https://osf.io/nmr6w/,Eerola & Vuoskoski (2011) Soundtracks corpus -- research use,0.0,12.0,,recovered,1,267.mp3,trimmed_first_12s
240,569,,,https://osf.io/nmr6w/,Eerola & Vuoskoski (2011) Soundtracks corpus -- research use,0.0,12.0,,recovered,1,269.mp3,trimmed_first_12s
241,570,,,https://osf.io/nmr6w/,Eerola & Vuoskoski (2011) Soundtracks corpus -- research use,0.0,12.0,,recovered,3,270.mp3,trimmed_first_12s
242,571,,,https://osf.io/nmr6w/,Eerola & Vuoskoski (2011) Soundtracks corpus -- research use,0.0,12.0,,recovered,10,271.mp3,trimmed_first_12s
243,572,,,https://osf.io/nmr6w/,Eerola & Vuoskoski (2011) Soundtracks corpus -- research use,0.0,12.0,,recovered,1,272.mp3,trimmed_first_12s
244,573,,,https://osf.io/nmr6w/,Eerola & Vuoskoski (2011) Soundtracks corpus -- research use,0.0,12.0,,recovered,1,273.mp3,trimmed_first_12s
245,574,,,https://osf.io/nmr6w/,Eerola & Vuoskoski (2011) Soundtracks corpus -- research use,0.0,12.0,,recovered,1,274.mp3,trimmed_first_12s
246,575,,,https://osf.io/nmr6w/,Eerola & Vuoskoski (2011) Soundtracks corpus -- research use,0.0,12.0,,recovered,1,275.mp3,trimmed_first_12s
247,576,,,https://osf.io/nmr6w/,Eerola & Vuoskoski (2011) Soundtracks corpus -- research use,0.0,12.0,,recovered,1,276.mp3,trimmed_first_12s
248,577,,,https://osf.io/nmr6w/,Eerola & Vuoskoski (2011) Soundtracks corpus -- research use,0.0,12.0,,recovered,1,277.mp3,trimmed_first_12s
249,580,,,https://osf.io/nmr6w/,Eerola & Vuoskoski (2011) Soundtracks corpus -- research use,0.0,12.0,,recovered,1,280.mp3,trimmed_first_12s
250,581,,,https://osf.io/nmr6w/,Eerola & Vuoskoski (2011) Soundtracks corpus -- research use,0.0,12.0,,recovered,1,281.mp3,trimmed_first_12s
251,582,,,https://osf.io/nmr6w/,Eerola & Vuoskoski (2011) Soundtracks corpus -- research use,0.0,12.0,,recovered,1,282.mp3,trimmed_first_12s
252,584,,,https://osf.io/nmr6w/,Eerola & Vuoskoski (2011) Soundtracks corpus -- research use,0.0,12.0,,recovered,1,284.mp3,trimmed_first_12s
253,585,,,https://osf.io/nmr6w/,Eerola & Vuoskoski (2011) Soundtracks corpus -- research use,0.0,12.0,,recovered,1,285.mp3,trimmed_first_12s
254,586,,,https://osf.io/nmr6w/,Eerola & Vuoskoski (2011) Soundtracks corpus -- research use,0.0,12.0,,recovered,1,286.mp3,trimmed_first_12s
255,588,,,https://osf.io/nmr6w/,Eerola & Vuoskoski (2011) Soundtracks corpus -- research use,0.0,12.0,,recovered,1,288.mp3,trimmed_first_12s
256,589,,,https://osf.io/nmr6w/,Eerola & Vuoskoski (2011) Soundtracks corpus -- research use,0.0,12.0,,recovered,3,289.mp3,trimmed_first_12s
257,590,,,https://osf.io/nmr6w/,Eerola & Vuoskoski (2011) Soundtracks corpus -- research use,0.0,12.0,,recovered,1,290.mp3,trimmed_first_12s
258,591,,,https://osf.io/nmr6w/,Eerola & Vuoskoski (2011) Soundtracks corpus -- research use,0.0,12.0,,recovered,16,291.mp3,trimmed_first_12s
259,593,,,https://osf.io/nmr6w/,Eerola & Vuoskoski (2011) Soundtracks corpus -- research use,0.0,12.0,,recovered,2,293.mp3,trimmed_first_12s
260,594,,,https://osf.io/nmr6w/,Eerola & Vuoskoski (2011) Soundtracks corpus -- research use,0.0,12.0,,recovered,1,294.mp3,trimmed_first_12s
261,595,,,https://osf.io/nmr6w/,Eerola & Vuoskoski (2011) Soundtracks corpus -- research use,0.0,12.0,,recovered,2,295.mp3,trimmed_first_12s
262,596,,,https://osf.io/nmr6w/,Eerola & Vuoskoski (2011) Soundtracks corpus -- research use,0.0,12.0,,recovered,11,296.mp3,trimmed_first_12s
263,599,,,https://osf.io/nmr6w/,Eerola & Vuoskoski (2011) Soundtracks corpus -- research use,0.0,12.0,,recovered,1,299.mp3,trimmed_first_12s
264,601,,,https://osf.io/nmr6w/,Eerola & Vuoskoski (2011) Soundtracks corpus -- research use,0.0,12.0,,recovered,1,301.mp3,trimmed_first_12s
265,603,,,https://osf.io/nmr6w/,Eerola & Vuoskoski (2011) Soundtracks corpus -- research use,0.0,12.0,,recovered,15,303.mp3,trimmed_first_12s
266,604,,,https://osf.io/nmr6w/,Eerola & Vuoskoski (2011) Soundtracks corpus -- research use,0.0,12.0,,recovered,10,304.mp3,trimmed_first_12s
267,605,,,https://osf.io/nmr6w/,Eerola & Vuoskoski (2011) Soundtracks corpus -- research use,0.0,12.0,,recovered,1,305.mp3,trimmed_first_12s
268,606,,,https://osf.io/nmr6w/,Eerola & Vuoskoski (2011) Soundtracks corpus -- research use,0.0,12.0,,recovered,11,306.mp3,trimmed_first_12s
269,607,,,https://osf.io/nmr6w/,Eerola & Vuoskoski (2011) Soundtracks corpus -- research use,0.0,12.0,,recovered,1,307.mp3,trimmed_first_12s
270,610,,,https://osf.io/nmr6w/,Eerola & Vuoskoski (2011) Soundtracks corpus -- research use,0.0,12.0,,recovered,1,310.mp3,trimmed_first_12s
271,612,,,https://osf.io/nmr6w/,Eerola & Vuoskoski (2011) Soundtracks corpus -- research use,0.0,12.0,,recovered,1,312.mp3,trimmed_first_12s
272,613,,,https://osf.io/nmr6w/,Eerola & Vuoskoski (2011) Soundtracks corpus -- research use,0.0,12.0,,recovered,1,313.mp3,trimmed_first_12s
273,614,,,https://osf.io/nmr6w/,Eerola & Vuoskoski (2011) Soundtracks corpus -- research use,0.0,12.0,,recovered,1,314.mp3,trimmed_first_12s
274,615,,,https://osf.io/nmr6w/,Eerola & Vuoskoski (2011) Soundtracks corpus -- research use,0.0,12.0,,recovered,1,315.mp3,trimmed_first_12s
275,616,,,https://osf.io/nmr6w/,Eerola & Vuoskoski (2011) Soundtracks corpus -- research use,0.0,12.0,,recovered,1,316.mp3,trimmed_first_12s
276,617,,,https://osf.io/nmr6w/,Eerola & Vuoskoski (2011) Soundtracks corpus -- research use,0.0,12.0,,recovered,1,317.mp3,trimmed_first_12s
277,618,,,https://osf.io/nmr6w/,Eerola & Vuoskoski (2011) Soundtracks corpus -- research use,0.0,12.0,,recovered,2,318.mp3,trimmed_first_12s
278,619,,,https://osf.io/nmr6w/,Eerola & Vuoskoski (2011) Soundtracks corpus -- research use,0.0,12.0,,recovered,1,319.mp3,trimmed_first_12s
279,620,,,https://osf.io/nmr6w/,Eerola & Vuoskoski (2011) Soundtracks corpus -- research use,0.0,12.0,,recovered,1,320.mp3,trimmed_first_12s
280,622,,,https://osf.io/nmr6w/,Eerola & Vuoskoski (2011) Soundtracks corpus -- research use,0.0,12.0,,recovered,1,322.mp3,trimmed_first_12s
281,625,,,https://osf.io/nmr6w/,Eerola & Vuoskoski (2011) Soundtracks corpus -- research use,0.0,12.0,,recovered,1,325.mp3,trimmed_first_12s
282,626,,,https://osf.io/nmr6w/,Eerola & Vuoskoski (2011) Soundtracks corpus -- research use,0.0,10.11,,recovered,2,326.mp3,too_short (source=10.11s)
283,628,,,https://osf.io/nmr6w/,Eerola & Vuoskoski (2011) Soundtracks corpus -- research use,0.0,12.0,,recovered,1,328.mp3,trimmed_first_12s
284,629,,,https://osf.io/nmr6w/,Eerola & Vuoskoski (2011) Soundtracks corpus -- research use,0.0,12.0,,recovered,1,329.mp3,trimmed_first_12s
285,631,,,https://osf.io/nmr6w/,Eerola & Vuoskoski (2011) Soundtracks corpus -- research use,0.0,12.0,,recovered,1,331.mp3,trimmed_first_12s
286,632,,,https://osf.io/nmr6w/,Eerola & Vuoskoski (2011) Soundtracks corpus -- research use,0.0,12.0,,recovered,1,332.mp3,trimmed_first_12s
287,633,,,https://osf.io/nmr6w/,Eerola & Vuoskoski (2011) Soundtracks corpus -- research use,0.0,12.0,,recovered,15,333.mp3,trimmed_first_12s
288,634,,,https://osf.io/nmr6w/,Eerola & Vuoskoski (2011) Soundtracks corpus -- research use,0.0,12.0,,recovered,1,334.mp3,trimmed_first_12s
289,635,,,https://osf.io/nmr6w/,Eerola & Vuoskoski (2011) Soundtracks corpus -- research use,0.0,12.0,,recovered,2,335.mp3,trimmed_first_12s
290,637,,,https://osf.io/nmr6w/,Eerola & Vuoskoski (2011) Soundtracks corpus -- research use,0.0,12.0,,recovered,1,337.mp3,trimmed_first_12s
291,639,,,https://osf.io/nmr6w/,Eerola & Vuoskoski (2011) Soundtracks corpus -- research use,0.0,12.0,,recovered,1,339.mp3,trimmed_first_12s
292,640,,,https://osf.io/nmr6w/,Eerola & Vuoskoski (2011) Soundtracks corpus -- research use,0.0,12.0,,recovered,1,340.mp3,trimmed_first_12s
293,641,,,https://osf.io/nmr6w/,Eerola & Vuoskoski (2011) Soundtracks corpus -- research use,0.0,12.0,,recovered,2,341.mp3,trimmed_first_12s
294,642,,,https://osf.io/nmr6w/,Eerola & Vuoskoski (2011) Soundtracks corpus -- research use,0.0,12.0,,recovered,1,342.mp3,trimmed_first_12s
295,643,,,https://osf.io/nmr6w/,Eerola & Vuoskoski (2011) Soundtracks corpus -- research use,0.0,12.0,,recovered,14,343.mp3,trimmed_first_12s
296,644,,,https://osf.io/nmr6w/,Eerola & Vuoskoski (2011) Soundtracks corpus -- research use,0.0,12.0,,recovered,2,344.mp3,trimmed_first_12s
297,645,,,https://osf.io/nmr6w/,Eerola & Vuoskoski (2011) Soundtracks corpus -- research use,0.0,12.0,,recovered,1,345.mp3,trimmed_first_12s
298,646,,,https://osf.io/nmr6w/,Eerola & Vuoskoski (2011) Soundtracks corpus -- research use,0.0,12.0,,recovered,1,346.mp3,trimmed_first_12s
299,648,,,https://osf.io/nmr6w/,Eerola & Vuoskoski (2011) Soundtracks corpus -- research use,0.0,12.0,,recovered,1,348.mp3,trimmed_first_12s
300,650,,,https://osf.io/nmr6w/,Eerola & Vuoskoski (2011) Soundtracks corpus -- research use,0.0,12.0,,recovered,1,350.mp3,trimmed_first_12s
301,651,,,https://osf.io/nmr6w/,Eerola & Vuoskoski (2011) Soundtracks corpus -- research use,0.0,12.0,,recovered,1,351.mp3,trimmed_first_12s
302,652,,,https://osf.io/nmr6w/,Eerola & Vuoskoski (2011) Soundtracks corpus -- research use,0.0,12.0,,recovered,1,352.mp3,trimmed_first_12s
303,653,,,https://osf.io/nmr6w/,Eerola & Vuoskoski (2011) Soundtracks corpus -- research use,0.0,12.0,,recovered,1,353.mp3,trimmed_first_12s
304,654,,,https://osf.io/nmr6w/,Eerola & Vuoskoski (2011) Soundtracks corpus -- research use,0.0,12.0,,recovered,1,354.mp3,trimmed_first_12s
305,655,,,https://osf.io/nmr6w/,Eerola & Vuoskoski (2011) Soundtracks corpus -- research use,0.0,12.0,,recovered,1,355.mp3,trimmed_first_12s
306,656,,,https://osf.io/nmr6w/,Eerola & Vuoskoski (2011) Soundtracks corpus -- research use,0.0,12.0,,recovered,1,356.mp3,trimmed_first_12s
307,657,,,https://osf.io/nmr6w/,Eerola & Vuoskoski (2011) Soundtracks corpus -- research use,0.0,12.0,,recovered,14,357.mp3,trimmed_first_12s
